ID_INSTRUMENTO;TIPO_DOCUMENTO;DOCUMENTO;PERIODO_AVALIATORIO;URL_DOCUMENTO;OBSERVACOES
CG_001/2018;Relatório da Comissão de Monitoramento;1º Relatório da Comissão de Monitoramento;2019 - 1 trimestre;https://drive.google.com/file/d/1evrcg995iToSjwA0Xuf-129dURM2jIer/view;
CG_001/2018;Relatório da Comissão de Monitoramento;2º Relatório da Comissão de Monitoramento;2019 - 2 trimestre;https://drive.google.com/file/d/1y1vgw94Sboc0K7phS2EuWfpTUmc185dZ/view;
CG_001/2018;Relatório da Comissão de Avaliação;1º Relatório da Comissão de Avaliação;2019 - 1 trimestre;https://drive.google.com/file/d/1FGD5RKpMCC9xQnnKhyTykiFsdIwyD3eZ/view;
CG_001/2018;Relatório da Comissão de Avaliação;2º Relatório da Comissão de Avaliação;2019 - 2 trimestre;https://drive.google.com/file/d/1_5UbsBDGOpuh5_bX0JxNArMKmHKtgXdI/view;
CG_001/2018;Relatório Gerencial de Resultados;1º Relatório Gerencial de Resultados;2019 - 1 trimestre;https://drive.google.com/file/d/1P8V9AJjn_wWzElzl7XBDL5Mmy1J8l-1N/view;
CG_001/2018;Relatório Gerencial de Resultados;2º Relatório Gerencial de Resultados;2019 - 2 trimestre;https://drive.google.com/file/d/1VGsKgvjGU_WG_IFdT50Fa5ezjsCJRBPI/view;
CG_001/2018;Relatório Gerencial Financeiro;1º Relatório Gerencial Financeiro;2019 - 1 trimestre;https://drive.google.com/file/d/1x53mAkQgFX8MrFSlO9ySxBfrsAtc4Uti/view;
CG_001/2018;Relatório Gerencial Financeiro;2º Relatório Gerencial Financeiro;2019 - 2 trimestre;https://drive.google.com/file/d/1Ne2S5J_N_uf6TINMandW5p2l1Dv6YX6D/view;
CG_002/2019;Relatório Gerencial de Resultados;1º Relatório Gerencial de Resultados;2019 - 1/3 a 31/5;https://docs.google.com/uc?export=download&id=1OIr2q1EI0hzz7Ejzb_mb_kgua2qKfcqY;
CG_002/2019;Relatório Gerencial de Resultados;2º Relatório Gerencial de Resultados;2019 - 1/6 a 31/8;https://docs.google.com/uc?export=download&id=1DGPsVOiOLzHYMNNBbsKiQJTIBM2KVAyk;
CG_002/2019;Relatório Gerencial de Resultados;3º Relatório Gerencial de Resultados;2019 - 1/9 a 30/11;https://docs.google.com/uc?export=download&id=1DpJkmcE8BZzm5nl0qU1IF-4JwQb1FIfD;
CG_002/2019;Relatório Gerencial de Resultados;4º Relatório Gerencial de Resultados;2019/2020 - 1/12 a 31/1;https://docs.google.com/uc?export=download&id=1HSKYfqz4f5tFtXpp67KOrA0W7ADPDc1i;
CG_002/2019;Relatório Gerencial de Resultados;5º Relatório Gerencial de Resultados;2020 - 1/1 a 31/3;https://docs.google.com/uc?export=download&id=14nIcXKnjuSsz5MBwU4jilr4K_Acfhvnj;
CG_002/2019;Relatório Gerencial de Resultados;6º Relatório Gerencial de Resultados;2020 - 1/4 a 30/6;https://docs.google.com/uc?export=download&id=1WPOOp4HFha3g5AGheM87B1WTK6CIwWFY;
CG_002/2019;Relatório Gerencial de Resultados;7º Relatório Gerencial de Resultados;2020 - 1/6 a 30/9;https://docs.google.com/uc?export=download&id=15gtWg0iMEfIMI-5vnX7dSsIQi4SlW1aO;
CG_002/2019;Relatório Gerencial de Resultados;8º Relatório Gerencial de Resultados;2020 - 1/10 a 31/12;https://docs.google.com/uc?export=download&id=1EW_Izy0hmIAGX5KFjiqMQNYazD4_Qn7d;
CG_002/2019;Relatório Gerencial Financeiro xls;1º Relatório Gerencial Financeiro - Recurso Estadual;2019 - 1/3 a 31/5;https://docs.google.com/uc?export=download&id=1YfNvz24COURf9zFQs92SAd--xiQ8q8eG;
CG_002/2019;Relatório Gerencial Financeiro xls;2º Relatório Gerencial Financeiro - Recurso Estadual;2019 - 1/6 a 31/8;https://docs.google.com/uc?export=download&id=1YmyiHCQ26JT8spBl9oLKDS0Tb43KYQKT;
CG_002/2019;Relatório Gerencial Financeiro xls;3º Relatório Gerencial Financeiro - Recurso Estadual;2019 - 1/9 a 30/11;https://docs.google.com/uc?export=download&id=1Z1EhHJCJlQXajVeNjvsWojlIel1Y7r1B;
CG_002/2019;Relatório Gerencial Financeiro xls;4º Relatório Gerencial Financeiro - Recurso Estadual;2019/2020 - 1/12 a 31/1;https://docs.google.com/uc?export=download&id=1faXlydiRCmjJlHzd5xsiIfcHy4FYQH94;
CG_002/2019;Relatório Gerencial Financeiro xls;5º Relatório Gerencial Financeiro - Recurso Estadual;2020 - 1/1 a 31/3;https://drive.google.com/file/d/1f1HTiudAdpJoWPDmJIa9uxDbnBw_qIig/view?usp=sharing;
CG_002/2019;Relatório Gerencial Financeiro xls;6º Relatório Gerencial Financeiro - Recurso Estadual;2020 - 1/4 a 30/6;https://docs.google.com/uc?export=download&id=17kvGGtoIdDtMQz0dJHVcj5zARp0IK0q6;
CG_002/2019;Relatório Gerencial Financeiro xls;7º Relatório Gerencial Financeiro - Recurso Estadual;2020 - 1/6 a 30/9;https://docs.google.com/uc?export=download&id=1yIbDf3xF_-BnqiTjfyliaLqFQw1HfIPv;
CG_002/2019;Relatório Gerencial Financeiro xls;8º Relatório Gerencial Financeiro - Recurso Estadual;2020 - 1/10 a 31/12;https://docs.google.com/uc?export=download&id=1vrNTgejxV06lnjrPwsLKpoflFGqdjQT_;
CG_002/2019;Relatório Gerencial Financeiro xls;1º Relatório Gerencial Financeiro - Recurso Federal;2019 - 1/3 a 31/5;https://docs.google.com/uc?export=download&id=1ihH_lx7EY7c1wpDm8Mo_hO8jXGbKQGzn;
CG_002/2019;Relatório Gerencial Financeiro xls;2º Relatório Gerencial Financeiro - Recurso Federal;2019 - 1/6 a 31/8;https://docs.google.com/uc?export=download&id=1SQohYkdWBVVeAFTEnXvEuUc0WcnYKnL4;
CG_002/2019;Relatório Gerencial Financeiro xls;3º Relatório Gerencial Financeiro - Recurso Federal;2019 - 1/9 a 30/11;https://docs.google.com/uc?export=download&id=1cN0bhVKWHTB4p1w6DQHczQ68y2abWiD_;
CG_002/2019;Relatório Gerencial Financeiro xls;4º Relatório Gerencial Financeiro - Recurso Federal;2019/2020 - 1/12 a 31/1;https://docs.google.com/uc?export=download&id=18mLAaKXgcWqxG3HOJP0mqfGSCm8TCjTD;
CG_002/2019;Relatório Gerencial Financeiro xls;5º Relatório Gerencial Financeiro - Recurso Federal;2020 - 1/1 a 31/3;https://drive.google.com/file/d/1f1HTiudAdpJoWPDmJIa9uxDbnBw_qIig/view?usp=sharingg;
CG_002/2019;Relatório Gerencial Financeiro xls;6º Relatório Gerencial Financeiro - Recurso Federal;2020 - 1/4 a 30/6;https://docs.google.com/uc?export=download&id=1FYyfBProxpmEZdELcgvVVm8dFzlZtN48;
CG_002/2019;Relatório Gerencial Financeiro xls;7º Relatório Gerencial Financeiro - Recurso Federal;2020 - 1/6 a 30/9;https://docs.google.com/uc?export=download&id=1DlDj4_CBKLtooEYzT6CeqJTuNoHzGyvE;
CG_002/2019;Relatório Gerencial Financeiro xls;8º Relatório Gerencial Financeiro - Recurso Federal;2020 - 1/10 a 31/12;https://docs.google.com/uc?export=download&id=11eO5E_fghz0TOOE13QpGoCiqrtacB37D;
CG_002/2019;Relatório da Comissão de Monitoramento;1º Relatório da Comissão de Monitoramento;2019 - 1/3 a 31/5;https://docs.google.com/uc?export=download&id=1YwVYNZk4d3o4exNJP4A8vnymXdh-B3dM;
CG_002/2019;Relatório da Comissão de Monitoramento;2º Relatório da Comissão de Monitoramento;2019 - 1/6 a 31/8;https://docs.google.com/uc?export=download&id=13ensExi6BavlRZwfz8L5VK8LQmDVYCMi;
CG_002/2019;Relatório da Comissão de Monitoramento;3º Relatório da Comissão de Monitoramento;2019 - 1/9 a 30/11;https://docs.google.com/uc?export=download&id=1LhtA5Gk1oH5JcoNAh3uMgGd-B6oWfKUP;
CG_002/2019;Relatório da Comissão de Monitoramento;4º Relatório da Comissão de Monitoramento;2019/2020 - 1/12 a 31/1;https://docs.google.com/uc?export=download&id=19lYxehxz24xt_Dm8ACeCgBi1YblX8oI9;
CG_002/2019;Relatório da Comissão de Monitoramento;5º Relatório da Comissão de Monitoramento;2020 - 1/1 a 31/3;https://docs.google.com/uc?export=download&id=17AR7GCIx9z0RyNHIBlKGzb0CMdgspM5h;
CG_002/2019;Relatório da Comissão de Monitoramento;6º Relatório da Comissão de Monitoramento;2020 - 1/4 a 30/6;https://docs.google.com/uc?export=download&id=17cTwGHyMwylP5fg9lJp6JMTy-oC2ezgs;
CG_002/2019;Relatório da Comissão de Monitoramento;7º Relatório da Comissão de Monitoramento;2020 - 1/6 a 30/9;https://docs.google.com/uc?export=download&id=1LYEOEOJkpU3QOx5D72bqvt4QQJy7cN4z;
CG_002/2019;Relatório da Comissão de Monitoramento;8º Relatório da Comissão de Monitoramento;2020 - 1/10 a 31/12;https://docs.google.com/uc?export=download&id=142XTAr_6VgstcGJuOLUQm8q6hzzkWFtm;
CG_002/2019;Relatório da Comissão de Avaliação;1º Relatório da Comissão de Avaliação;2019 - 1/3 a 31/5;https://docs.google.com/uc?export=download&id=1H6QdXmeznPoNrZ6eeaW77F5N0sGIQ2w6;
CG_002/2019;Relatório da Comissão de Avaliação;2º Relatório da Comissão de Avaliação;2019 - 1/6 a 31/8;https://docs.google.com/uc?export=download&id=1krzeZkC2yhRyYD1gfcE9VWKZ50GWb4kg;
CG_002/2019;Relatório da Comissão de Avaliação;3º Relatório da Comissão de Avaliação;2019 - 1/9 a 30/11;https://docs.google.com/uc?export=download&id=1Zy8JINm_tKuF1qA1TbTzHIymYQjU2Hy1;
CG_002/2019;Relatório da Comissão de Avaliação;4º Relatório da Comissão de Avaliação;2019/2020 - 1/12 a 31/1;https://docs.google.com/uc?export=download&id=1Zy8JINm_tKuF1qA1TbTzHIymYQjU2Hy1;
CG_002/2019;Relatório da Comissão de Avaliação;5º Relatório da Comissão de Avaliação;2020 - 1/1 a 31/3;https://docs.google.com/uc?export=download&id=1Zy8JINm_tKuF1qA1TbTzHIymYQjU2Hy11;
CG_002/2019;Relatório da Comissão de Avaliação;6º Relatório da Comissão de Avaliação;2020 - 1/4 a 30/6;https://docs.google.com/uc?export=download&id=1Zy8JINm_tKuF1qA1TbTzHIymYQjU2Hy1;
CG_002/2019;Relatório da Comissão de Avaliação;7º Relatório da Comissão de Avaliação;2020 - 1/6 a 30/9;https://docs.google.com/uc?export=download&id=1Zy8JINm_tKuF1qA1TbTzHIymYQjU2Hy1;
CG_003/2019;Relatório da Comissão de Monitoramento;1º Relatório da Comissão de Monitoramento;2019 - 3 trimestre;https://drive.google.com/file/d/1gAkGPXhNuvrbzayTpie95q-ils8UK8S0/view;
CG_003/2019;Relatório da Comissão de Monitoramento;2º Relatório da Comissão de Monitoramento;2019 - 4 trimestre;https://drive.google.com/file/d/1FLX4V8QP9dfR4V6EgnO64eUWLu-q-mGO/view;
CG_003/2019;Relatório da Comissão de Avaliação;1º Relatório da Comissão de Avaliação;2019 - 3 trimestre;https://drive.google.com/file/d/1Li_dEjb3YeK0pe4Yy9jvI0msRcc4F4aM/view;
CG_003/2019;Relatório da Comissão de Avaliação;2º Relatório da Comissão de Avaliação;2019 - 4 trimestre;https://drive.google.com/file/d/12ISkqaxChEOfktLxJphaXucKym_USFMZ/view;
CG_003/2019;Relatório Gerencial de Resultados;1º Relatório Gerencial de Resultados;2019 - 3 trimestre;https://drive.google.com/file/d/1E8lYf6oMPF5z2Fq7K0OayeWzDFvPKLVi/view;
CG_003/2019;Relatório Gerencial de Resultados;2º Relatório Gerencial de Resultados;2019 - 4 trimestre;https://drive.google.com/file/d/1oyqlIGdRJZfLB5CPlhfsAjbbhtZ9h-lP/view;
CG_003/2019;Relatório Gerencial Financeiro;1º Relatório Gerencial Financeiro;2019 - 3 trimestre;https://docs.google.com/spreadsheets/d/1TGrwUBqlDl40V2qDfa58qct_ecj4Y5AO/edit#gid=554537015;
CG_003/2019;Relatório Gerencial Financeiro;2º Relatório Gerencial Financeiro;2019 - 4 trimestre;https://docs.google.com/spreadsheets/d/1p0GCJOL-J2pnAq3ZjGtKs93Vg3FEmc4b/edit#gid=1516766195;
CG_004/2019;Relatório da Comissão de Monitoramento;1º Relatório da Comissão de Monitoramento;2020 - 1 trimestre;https://drive.google.com/file/d/1fripry6TyJYxHLre4oP6ZMic5EIHFzEo/view;
CG_004/2019;Relatório da Comissão de Monitoramento;2º Relatório da Comissão de Monitoramento;2020 - 2 trimestre;https://drive.google.com/file/d/1Mg_66UG1hriQKTpv4jYJR-Sae0zbJzua/view;
CG_004/2019;Relatório da Comissão de Avaliação;1º Relatório da Comissão de Avaliação;2020 - 1 trimestre;https://drive.google.com/file/d/1AdTUzqhqoaPJNB-VUd_m0TvxGAzTCDFV/view;
CG_004/2019;Relatório da Comissão de Avaliação;2º Relatório da Comissão de Avaliação;2020 - 2 trimestre;https://drive.google.com/file/d/1l6A-HClgcXJssWSj2wGzNAOMwVHugBVD/view;
CG_004/2019;Relatório Gerencial de Resultados;1º Relatório Gerencial de Resultados;2020 - 1 trimestre;https://drive.google.com/file/d/1GQVuMVT8GvSJaDU8YdaNHFTvASVjnN9W/view;
CG_004/2019;Relatório Gerencial de Resultados;2º Relatório Gerencial de Resultados;2020 - 2 trimestre;https://drive.google.com/file/d/1E-L9kfC5qbZFdq8AXZV5dftXcqlv1Pv9/view;
CG_004/2019;Relatório Gerencial Financeiro;1º Relatório Gerencial Financeiro;2020 - 1 trimestre;https://docs.google.com/spreadsheets/d/1QfLlQvUXMaYvuQApyjnpmZxJqPw3mIqj/edit?usp=drive_web&ouid=116447039798382369027&rtpof=true;
CG_004/2019;Relatório Gerencial Financeiro;2º Relatório Gerencial Financeiro;2020 - 2 trimestre;https://docs.google.com/spreadsheets/d/1ixASK07dsXMRiy0bARlsMJx5fv-NjNXs/edit?usp=drive_web&ouid=116447039798382369027&rtpof=true;
CG_005/2019;Relatório da Comissão de Monitoramento;1º Relatório da Comissão de Monitoramento;2020 - 1 trimestre;https://drive.google.com/file/d/1FD9wq3gqi2DswruXkVf7NUzKVq_V8Jw6/view;
CG_005/2019;Relatório da Comissão de Monitoramento;2º Relatório da Comissão de Monitoramento;2020 - 2 trimestre;https://drive.google.com/file/d/1DqV-jyxlEkHERxqHUrxkeF1vebu79MnP/view;
CG_005/2019;Relatório da Comissão de Monitoramento;3º Relatório da Comissão de Monitoramento;2020 - 3 trimestre;https://drive.google.com/file/d/1OyTv69qhDUcXg9RyZC-_mEiMAkod33rR/view;
CG_005/2019;Relatório da Comissão de Monitoramento;4º Relatório da Comissão de Monitoramento;2020 - 4 trimestre;https://drive.google.com/file/d/1pQ6iG2_JIUFENox__9cp_yb6zzlEQo0C/view;
CG_005/2019;Relatório da Comissão de Monitoramento;5º Relatório da Comissão de Monitoramento;2021 - 1 trimestre;https://drive.google.com/file/d/1C2ZXc0CKWP8nc0taIR0FybBSmdMxvC4W/view;
CG_005/2019;Relatório da Comissão de Avaliação;1º Relatório da Comissão de Avaliação;2020 - 1 trimestre;https://drive.google.com/file/d/1FwFfInNhVqDC-CiQp0dovLauwgBAcNBk/view;
CG_005/2019;Relatório da Comissão de Avaliação;2º Relatório da Comissão de Avaliação;2020 - 2 trimestre;https://drive.google.com/file/d/1vbdMmnFQhwjVKKLVmFBkcYHGEJBDp5M_/view;
CG_005/2019;Relatório da Comissão de Avaliação;3º Relatório da Comissão de Avaliação;2020 - 3 trimestre;https://drive.google.com/file/d/1eWW3EvXghx4vJK_5EyElT2qfrZsWpqDo/view;
CG_005/2019;Relatório da Comissão de Avaliação;4º Relatório da Comissão de Avaliação;2020 - 4 trimestre;https://drive.google.com/file/d/1O-CrGrRLmzHNO84v5_Oej6bBvuOOpgxi/view;
CG_005/2019;Relatório da Comissão de Avaliação;5º Relatório da Comissão de Avaliação;2021 - 1 trimestre;https://drive.google.com/file/d/1jYLzZMmMFAxreLPm8Ol1envQgvMwKqQf/view;
CG_005/2019;Relatório Gerencial de Resultados;1º Relatório Gerencial de Resultados;2020 - 1 trimestre;https://drive.google.com/file/d/1de0XaREV-_HFf5wdk6ZOp1pjqbOgdaca/view;
CG_005/2019;Relatório Gerencial de Resultados;2º Relatório Gerencial de Resultados;2020 - 2 trimestre;https://drive.google.com/file/d/1vLRmZZztnbh1oO1S41Z9JWI890xZup77/view;
CG_005/2019;Relatório Gerencial de Resultados;3º Relatório Gerencial de Resultados;2020 - 3 trimestre;https://drive.google.com/file/d/1C13XDQUY3FAIDwFujqI_MuG1Uh1xh9kD/view;
CG_005/2019;Relatório Gerencial de Resultados;4º Relatório Gerencial de Resultados;2020 - 4 trimestre;https://drive.google.com/file/d/19sWBaW80ZCqN4akLOFPlICAfotXtY-RV/view;
CG_005/2019;Relatório Gerencial de Resultados;5º Relatório Gerencial de Resultados;2021 - 1 trimestre;https://drive.google.com/file/d/1PRiiM4wwXYfCIubCxUtdzs_C1H-H9yNp/view;
CG_005/2019;Relatório Gerencial Financeiro;1º Relatório Gerencial Financeiro;2020 - 1 trimestre;https://drive.google.com/file/d/1w2FFxoevIWOpv4c1XdboTJmm5XU0S06b/view;
CG_005/2019;Relatório Gerencial Financeiro;2º Relatório Gerencial Financeiro;2020 - 2 trimestre;https://drive.google.com/file/d/1YoRqrZtD4V2BNFjIQ3xDSgLhZwhR8WsQ/view;
CG_005/2019;Relatório Gerencial Financeiro;3º Relatório Gerencial Financeiro;2020 - 3 trimestre;https://drive.google.com/file/d/1l1eJ4dksHBGM-i6g6Sr4X8W8rzIUbf1f/view;
CG_005/2019;Relatório Gerencial Financeiro;4º Relatório Gerencial Financeiro;2020 - 4 trimestre;https://drive.google.com/file/d/1SsNdp9AZ2a3WoTtUR0Gy7KKSb1BgLT2n/view;
CG_005/2019;Relatório Gerencial Financeiro;5º Relatório Gerencial Financeiro;2021 - 1 trimestre;https://drive.google.com/file/d/1L98WHsICpVRoFM_n3HHKP8XBmHIzM_fI/view;
CG_005/2019;Relatório Gerencial Financeiro xls;1º Relatório Gerencial Financeiro xls;2020 - 1 trimestre;https://drive.google.com/file/d/14qE4qiMdiIQqIOjVHhYMupYT531aaRUO/view;
CG_005/2019;Relatório Gerencial Financeiro xls;2º Relatório Gerencial Financeiro xls;2020 - 2 trimestre;https://drive.google.com/file/d/1YoRqrZtD4V2BNFjIQ3xDSgLhZwhR8WsQ/view;
CG_005/2019;Relatório Gerencial Financeiro xls;3º Relatório Gerencial Financeiro xls;2020 - 3 trimestre;https://drive.google.com/file/d/1VGZ4TBRKW2XI8dizfPrAobBaZj8L8xdR/view;
CG_005/2019;Relatório Gerencial Financeiro xls;4º Relatório Gerencial Financeiro xls;2020 - 4 trimestre;https://drive.google.com/file/d/1uXPzYfilujFg1R-xCECleE1uD4mKmRag/view;
CG_005/2019;Relatório Gerencial Financeiro xls;5º Relatório Gerencial Financeiro xls;2021 - 1 trimestre;https://drive.google.com/file/d/1cMoQlXRuHBorq7jJrmISLvQIp8pT_KA7/view;
CG_006/2020;Relatório da Comissão de Monitoramento;1º Relatório da Comissão de Monitoramento;2020 - 3 trimestre;https://drive.google.com/file/d/1Pur-uCL0YIfkDFGIrGSNUAbDp57xRScs/view;
CG_006/2020;Relatório da Comissão de Monitoramento;2º Relatório da Comissão de Monitoramento;2020 - 4 trimestre;https://drive.google.com/file/d/15CCM7lEbOdRysKGj7kTpL5i1x226aF5h/view;
CG_006/2020;Relatório da Comissão de Avaliação;1º Relatório da Comissão de Avaliação;2020 - 3 trimestre;https://drive.google.com/file/d/1P6TKbziQ8RzibE7uUmhidsCH0pusPhtB/view;
CG_006/2020;Relatório da Comissão de Avaliação;2º Relatório da Comissão de Avaliação;2020 - 4 trimestre;https://drive.google.com/open?id=18VTt2pNf354mzZ1xgxvUlqN_xDCe2lOy&authuser=0;
CG_006/2020;Relatório Gerencial de Resultados;1º Relatório Gerencial de Resultados;2020 - 3 trimestre;https://drive.google.com/file/d/1WxdgwKM1aeleWt0tK1dupDvGiqNo7Rss/view;
CG_006/2020;Relatório Gerencial de Resultados;2º Relatório Gerencial de Resultados;2020 - 4 trimestre;https://drive.google.com/file/d/1f9liCY7j6bwebavyd8DHHnW8daA-weOI/view;
CG_006/2020;Relatório Gerencial Financeiro;1º Relatório Gerencial Financeiro;2020 - 3 trimestre;https://docs.google.com/spreadsheets/d/1hmG468wm1nvaq8CiXYKelTpqHARQ6JWA/edit#gid=472177437;
CG_006/2020;Relatório Gerencial Financeiro;2º Relatório Gerencial Financeiro;2020 - 4 trimestre;https://docs.google.com/spreadsheets/d/1Jssjsjo4S43Hoc6sZXXFFZjq1OQEeSRT/edit?rtpof=true#gid=39546541;
CG_007/2021;;;;;
TP_041/2017;Relatório Gerencial de Resultados;1º Relatório Gerencial de Resultados;2017 - 23/06 a 31/08;http://homologa3.prodemge.gov.br/vaek/wp-content/uploads/2018/11/Retifica%C3%A7%C3%A3o-do-1%C2%BA-Relat%C3%B3rio-Gerencial-de-Resultados-Termo-de-Parceria-n%C2%BA-041-DIART-582MB-em-PDF.pdf;
TP_041/2017;Relatório Gerencial de Resultados;2º Relatório Gerencial de Resultados;2017 - 01/09 a 31/12;http://homologa3.prodemge.gov.br/vaek/wp-content/uploads/2018/11/Retifica%C3%A7%C3%A3o-do-2%C2%BA-Relat%C3%B3rio-Gerencial-de-Resultados-Termo-de-Parceria-n%C2%BA-41-DIART-995-MB-em-PDF.pdf;
TP_041/2017;Relatório Gerencial de Resultados;3º Relatório Gerencial de Resultados;2018 - 01/01 a 30/04;http://homologa3.prodemge.gov.br/vaek/wp-content/uploads/2018/11/3%C2%BA-Relat%C3%B3rio-Gerencial-de-Resultados-Termo-de-Parceria-n%C2%BA-41-DIART-9-MB-em-PDF.pdf;
TP_041/2017;Relatório Gerencial de Resultados;4º Relatório Gerencial de Resultados;2018 - 01/05 a 31/08;http://homologa3.prodemge.gov.br/vaek/wp-content/uploads/2018/11/4%C2%BA-Relat%C3%B3rio-Gerencial-de-Resultados-Termo-de-Parceria-n%C2%BA-041-DIART-13.9-MB-em-PDF.pdf;
TP_041/2017;Relatório Gerencial de Resultados;5º Relatório Gerencial de Resultados;2018 - 01/09 a 31/12;https://drive.google.com/file/d/1xu0IWqM6QiWvMQHjXIuqYr2OWXA2k9ZT/view;
TP_041/2017;Relatório Gerencial de Resultados;6º Relatório Gerencial de Resultados;2019 - 01/01 a 31/03;https://drive.google.com/file/d/1Pw-yQXFbubxgpYyTLzYKcIIqXiETSOqC/view;
TP_041/2017;Relatório Gerencial de Resultados;7º Relatório Gerencial de Resultados;2019 - 01/04 a 30/06;https://drive.google.com/file/d/1uxhWn9DZtHxzQCVytm8Kc1PVjPiHIlyL/view;
TP_041/2017;Relatório Gerencial de Resultados;8º Relatório Gerencial de Resultados;2019 - 01/07 a 30/09;https://drive.google.com/file/d/1PfcrpZcggmXFIfRurroW7JJk90TWpjfc/view;
TP_041/2017;Relatório Gerencial de Resultados;9º Relatório Gerencial de Resultados;2019 - 01/10 a 31/12;https://drive.google.com/file/d/1fjNtTJGA7tUWUd1AF9TnpdIQRhT8oYVK/view;
TP_041/2017;Relatório Gerencial Financeiro;1º Relatório Gerencial Financeiro;2017 - 23/06 a 31/08;http://homologa3.prodemge.gov.br/vaek/wp-content/uploads/2018/11/1%C2%BA-Relat%C3%B3rio-Gerencial-Financeiro-Termo-de-Parceria-n%C2%BA-041-DIART-8.689-kb-em-PDF.pdf;
TP_041/2017;Relatório Gerencial Financeiro;2º Relatório Gerencial Financeiro;2017 - 01/09 a 31/12;http://homologa3.prodemge.gov.br/vaek/wp-content/uploads/2018/11/2%C2%BA-Relat%C3%B3rio-Gerencial-Financeiro-Termo-de-Parceria-n%C2%BA-41-DIART-136-MB-em-PDF.pdf;
TP_041/2017;Relatório Gerencial Financeiro;3º Relatório Gerencial Financeiro;2018 - 01/01 a 30/04;http://homologa3.prodemge.gov.br/vaek/wp-content/uploads/2018/11/3%C2%BA-Relat%C3%B3rio-Gerencial-Financeiro-Termo-de-Parceria-n%C2%BA-41-DIART-3-MB-em-PDF.pdf;
TP_041/2017;Relatório Gerencial Financeiro;4º Relatório Gerencial Financeiro;2018 - 01/05 a 31/08;http://homologa3.prodemge.gov.br/vaek/wp-content/uploads/2018/11/4%C2%BA-Relat%C3%B3rio-Gerencial-Financeiro-Retificado-Termo-de-Parceria-n%C2%BA-41-DIART-331-MB-em-PDF.pdf;
TP_041/2017;Relatório Gerencial Financeiro;5º Relatório Gerencial Financeiro;2018 - 01/09 a 31/12;https://drive.google.com/file/d/1_cWU1WxTESzlkVOllNWgxfZFMAqaUHnY/view;
TP_041/2017;Relatório Gerencial Financeiro;6º Relatório Gerencial Financeiro;2019 - 01/01 a 31/03;;Não divulgado
TP_041/2017;Relatório Gerencial Financeiro;7º Relatório Gerencial Financeiro;2019 - 01/04 a 30/06;;Não divulgado
TP_041/2017;Relatório Gerencial Financeiro;8º Relatório Gerencial Financeiro;2019 - 01/07 a 30/09;;Não divulgado
TP_041/2017;Relatório Gerencial Financeiro;9º Relatório Gerencial Financeiro;2019 - 01/10 a 31/12;;Não divulgado
TP_041/2017;Relatório da Comissão de Avaliação;1º Relatório da Comissão de Avaliação;2017 - 23/06 a 31/08;http://homologa3.prodemge.gov.br/vaek/wp-content/uploads/2018/11/1%C2%BA-Relat%C3%B3rio-da-Comiss%C3%A3o-de-Avalia%C3%A7%C3%A3o-Termo-de-parceria-n%C2%BA-041-DIART-3.845-kb-em-PDF.pdf;
TP_041/2017;Relatório da Comissão de Avaliação;2º Relatório da Comissão de Avaliação;2017 - 01/09 a 31/12;http://homologa3.prodemge.gov.br/vaek/wp-content/uploads/2018/11/2%C2%BA-Relat%C3%B3rio-da-Comiss%C3%A3o-de-Avalia%C3%A7%C3%A3o-Termo-de-Parceria-n%C2%BA-41-DIART-265-em-PDF.pdf;
TP_041/2017;Relatório da Comissão de Avaliação;3º Relatório da Comissão de Avaliação;2018 - 01/01 a 30/04;http://homologa3.prodemge.gov.br/vaek/wp-content/uploads/2018/11/3%C2%BA-Relat%C3%B3rio-da-Comiss%C3%A3o-de-Avalia%C3%A7%C3%A3o-Termo-de-Parceria-n%C2%BA-41-DIART-135-MB-em-PDF.pdf;
TP_041/2017;Relatório da Comissão de Avaliação;4º Relatório da Comissão de Avaliação;2018 - 01/05 a 31/08;http://homologa3.prodemge.gov.br/vaek/wp-content/uploads/2018/11/4%C2%BA-Relat%C3%B3rio-da-Comiss%C3%A3o-de-Avalia%C3%A7%C3%A3o-Termo-de-Parceria-n%C2%BA-41-DIART-869-MB-em-PDF.pdf;
TP_041/2017;Relatório da Comissão de Avaliação;5º Relatório da Comissão de Avaliação;2018 - 01/09 a 31/12;https://drive.google.com/file/d/19B_2UGAouE2B_CSVSX8wx5m26Mjk5FEx/view;
TP_041/2017;Relatório da Comissão de Avaliação;6º Relatório da Comissão de Avaliação;2019 - 01/01 a 31/03;https://drive.google.com/file/d/1C8opYuBYFuhsehftNbqbQIgw9Zntu-FU/view;
TP_041/2017;Relatório da Comissão de Avaliação;7º Relatório da Comissão de Avaliação;2019 - 01/04 a 30/06;https://drive.google.com/file/d/1ChY7UaMIbCJ8CcQltgD5JXeP3eEOjyQ-/view;
TP_041/2017;Relatório da Comissão de Avaliação;8º Relatório da Comissão de Avaliação;2019 - 01/07 a 30/09;https://drive.google.com/file/d/1CtB_A-4z_G2Cdkm5_MOz3aGxTDB4xpRK/view;
TP_041/2017;Relatório da Comissão de Avaliação;9º Relatório da Comissão de Avaliação;2019 - 01/10 a 31/12;https://drive.google.com/file/d/1dDpfV3KMBT3IP7HZ3-ydVTC5y_pmAQpz/view;
TP_041/2017;Relatório de Monitoramento;1º Relatório de Monitoramento;2017 - 23/06 a 31/08;;Não divulgado
TP_041/2017;Relatório de Monitoramento;2º Relatório de Monitoramento;2017 - 01/09 a 31/12;;Não divulgado
TP_041/2017;Relatório de Monitoramento;3º Relatório de Monitoramento;2018 - 01/01 a 30/04;;Não divulgado
TP_041/2017;Relatório de Monitoramento;4º Relatório de Monitoramento;2018 - 01/05 a 31/08;;Não divulgado
TP_041/2017;Relatório de Monitoramento;5º Relatório de Monitoramento;2018 - 01/09 a 31/12;;Não divulgado
TP_041/2017;Relatório de Monitoramento;6º Relatório de Monitoramento;2019 - 01/01 a 31/03;https://drive.google.com/file/d/17uBJC6yR2ftK-TCNYbbAHhRcXKdmNp35/view;
TP_041/2017;Relatório de Monitoramento;7º Relatório de Monitoramento;2019 - 01/04 a 30/06;https://drive.google.com/file/d/1IEFKatB7CT4uXMvAwPSbgYasBD8ZTmC8/view;
TP_041/2017;Relatório de Monitoramento;8º Relatório de Monitoramento;2019 - 01/07 a 30/09;https://drive.google.com/file/d/1Xlz7ydhPA6KSZqIzSb6ONTmz1764H_ET/view;
TP_041/2017;Relatório de Monitoramento;9º Relatório de Monitoramento;2019 - 01/10 a 31/12;;Não divulgado
TP_042/2017;Relatório Gerencial de Resultados;1º Relatório Gerencial de Resultados;2017 - 23/06 a 31/08;http://homologa3.prodemge.gov.br/vaek/wp-content/uploads/2018/11/1%C2%BA-Relatorio-Gerencial-de-Resultados-do-Termo-de-Parceria-n%C2%BA-42-DIPRO-6.178-kb-em-PDF.pdf;
TP_042/2017;Relatório Gerencial de Resultados;2º Relatório Gerencial de Resultados;2017 - 01/09 a 31/12;http://homologa3.prodemge.gov.br/vaek/wp-content/uploads/2018/11/2%C2%BA-Relat%C3%B3rio-Gerencial-de-Resultados-Termo-de-Parceria-n%C2%BA-42-DIPRO-141-MB-em-PDF.pdf;
TP_042/2017;Relatório Gerencial de Resultados;3º Relatório Gerencial de Resultados;2018 - 01/01 a 30/04;http://homologa3.prodemge.gov.br/vaek/wp-content/uploads/2018/11/3%C2%B0-Relat%C3%B3rio-Gerencial-de-Resultados-Termo-de-Parceria-n%C2%BA-42-DIPRO-48.910KB-em-PDF.pdf;
TP_042/2017;Relatório Gerencial de Resultados;4º Relatório Gerencial de Resultados;2018 - 01/05 a 31/08;http://homologa3.prodemge.gov.br/vaek/wp-content/uploads/2018/11/4%C2%B0-Relat%C3%B3rio-Gerencial-de-Resultados-Termo-de-Parceria-n%C2%BA-42-DIPRO-16.67-MB-em-PDF.pdf;
TP_042/2017;Relatório Gerencial de Resultados;5º Relatório Gerencial de Resultados;2018 - 01/09 a 31/12;https://drive.google.com/file/d/1hKXnj7TTFxVWrbVcsPJV9cvy2ydYWech/view;
TP_042/2017;Relatório Gerencial de Resultados;6º Relatório Gerencial de Resultados;2019 - 01/01 a 31/03;https://drive.google.com/file/d/1iEKNz0mhPWNJb-fUQAP6hEMZvG0O9kfa/view;
TP_042/2017;Relatório Gerencial de Resultados;7º Relatório Gerencial de Resultados;2019 - 01/04 a 30/06;https://drive.google.com/file/d/1qHFLlQBSIZFfWcDGULxlhddcwjPqjq-u/view;
TP_042/2017;Relatório Gerencial de Resultados;8º Relatório Gerencial de Resultados;2019 - 01/07 a 30/09;https://drive.google.com/file/d/1Oe0TPxyVmCF1fdFK-kr8zVZ24aU6_Vns/view;
TP_042/2017;Relatório Gerencial de Resultados;9º Relatório Gerencial de Resultados;2019 - 01/10 a 31/12;https://drive.google.com/file/d/1lGmU1OSp6g_kS06FLGXeKFMlrwYr06L4/view;
TP_042/2017;Relatório Financeiro;1º Relatório Financeiro;2017 - 23/06 a 31/08;http://homologa3.prodemge.gov.br/vaek/wp-content/uploads/2018/11/1%C2%BA-Relatorio-Gerencial-Financeiro-do-Termo-de-Parceria-n%C2%BA-42-DIPRO-7.733-KB-em-PDF.pdf;
TP_042/2017;Relatório Financeiro;2º Relatório Financeiro;2017 - 01/09 a 31/12;http://homologa3.prodemge.gov.br/vaek/wp-content/uploads/2018/11/2%C2%BA-Relat%C3%B3rio-Gerencial-Financeiro-Termo-de-Parceria-n%C2%BA-42-DIPRO-4-MB-em-PDF.pdf;
TP_042/2017;Relatório Financeiro;3º Relatório Financeiro;2018 - 01/01 a 30/04;http://homologa3.prodemge.gov.br/vaek/wp-content/uploads/2018/11/3%C2%B0-Relat%C3%B3rio-Gerencial-Financeiro-Termo-de-Parceria-n%C2%BA42-DIPRO-11.959KB-em-PDF.pdf;
TP_042/2017;Relatório Financeiro;4º Relatório Financeiro;2018 - 01/05 a 31/08;http://homologa3.prodemge.gov.br/vaek/wp-content/uploads/2018/11/4%C2%B0-Relat%C3%B3rio-Gerencial-Financeiro-Termo-de-Parceria-n%C2%BA-42-DIPRO-57-MB-em-PDF.pdf;
TP_042/2017;Relatório Financeiro;5º Relatório Financeiro;2018 - 01/09 a 31/12;https://drive.google.com/file/d/1gCU8CCTtnFKgjOd5OfL54kp0ERqT0qRn/view;
TP_042/2017;Relatório Financeiro;6º Relatório Financeiro;2019 - 01/01 a 31/03;;Não divulgado
TP_042/2017;Relatório Financeiro;7º Relatório Financeiro;2019 - 01/04 a 30/06;;Não divulgado
TP_042/2017;Relatório Financeiro;8º Relatório Financeiro;2019 - 01/07 a 30/09;;Não divulgado
TP_042/2017;Relatório Financeiro;9º Relatório Financeiro;2019 - 01/10 a 31/12;;Não divulgado
TP_042/2017;Relatório da Comissão de Avaliação;1º Relatório da Comissão de Avaliação;2017 - 23/06 a 31/08;http://homologa3.prodemge.gov.br/vaek/wp-content/uploads/2018/11/1%C2%BA-Relatorio-Comiss%C3%A3o-de-Avalia%C3%A7%C3%A3o-do-Termo-de-Parceria-n%C2%BA-42-DIPRO-1.566-kb-em-PDF.pdf;
TP_042/2017;Relatório da Comissão de Avaliação;2º Relatório da Comissão de Avaliação;2017 - 01/09 a 31/12;http://homologa3.prodemge.gov.br/vaek/wp-content/uploads/2018/11/2%C2%BA-Relat%C3%B3rio-da-Comiss%C3%A3o-de-Avalia%C3%A7%C3%A3o-Termo-de-Parceria-n%C2%BA-42-DIPRO-16-MB-em-PDF.pdf;
TP_042/2017;Relatório da Comissão de Avaliação;3º Relatório da Comissão de Avaliação;2018 - 01/01 a 30/04;http://homologa3.prodemge.gov.br/vaek/wp-content/uploads/2018/11/Retifica%C3%A7%C3%A3o-3%C2%BA-Relat%C3%B3rio-da-Comiss%C3%A3o-de-Avalia%C3%A7%C3%A3o-Termo-de-Parceria-n%C2%BA-42-DIPRO-12.724KB-em-PDF.pdf;
TP_042/2017;Relatório da Comissão de Avaliação;4º Relatório da Comissão de Avaliação;2018 - 01/05 a 31/08;http://homologa3.prodemge.gov.br/vaek/wp-content/uploads/2018/11/4%C2%B0-Relat%C3%B3rio-da-Comiss%C3%A3o-de-Avalia%C3%A7%C3%A3o-Termo-de-Parceria-n%C2%BA-42-DIPRO-601-kb-em-PDF.pdf;
TP_042/2017;Relatório da Comissão de Avaliação;5º Relatório da Comissão de Avaliação;2018 - 01/09 a 31/12;http://fcs.mg.gov.br/wp-content/uploads/2019/01/5__Relatorio_Comissao_de_Avaliacao_TP0422017-compressed.pdf;
TP_042/2017;Relatório da Comissão de Avaliação;6º Relatório da Comissão de Avaliação;2019 - 01/01 a 31/03;https://drive.google.com/file/d/1YXCAQvTwC8t7AfFz0MzZJeMDFbDdttRe/view;
TP_042/2017;Relatório da Comissão de Avaliação;7º Relatório da Comissão de Avaliação;2019 - 01/04 a 30/06;https://drive.google.com/file/d/1V80a9A91xUEv6QNL5PxIqOlWxTlHJw3I/view;
TP_042/2017;Relatório da Comissão de Avaliação;8º Relatório da Comissão de Avaliação;2019 - 01/07 a 30/09;https://drive.google.com/file/d/1eHfidPbv8LCtgfEdJhOjiSsVVW7Pyr9J/view;
TP_042/2017;Relatório da Comissão de Avaliação;9º Relatório da Comissão de Avaliação;2019 - 01/10 a 31/12;https://drive.google.com/file/d/19AmCPN5r4PWLYEe0GnLnquLTl38dfYU4/view;
TP_042/2017;Relatório de Monitoramento;1º Relatório de Monitoramento;2017 - 23/06 a 31/08;;Não divulgado
TP_042/2017;Relatório de Monitoramento;2º Relatório de Monitoramento;2017 - 01/09 a 31/12;;Não divulgado
TP_042/2017;Relatório de Monitoramento;3º Relatório de Monitoramento;2018 - 01/01 a 30/04;;Não divulgado
TP_042/2017;Relatório de Monitoramento;4º Relatório de Monitoramento;2018 - 01/05 a 31/08;;Não divulgado
TP_042/2017;Relatório de Monitoramento;5º Relatório de Monitoramento;2018 - 01/09 a 31/12;;Não divulgado
TP_042/2017;Relatório de Monitoramento;6º Relatório de Monitoramento;2019 - 01/01 a 31/03;https://drive.google.com/file/d/1XwBki5BL0Z6INEApj192R-RxRR7lQ77u/view;
TP_042/2017;Relatório de Monitoramento;7º Relatório de Monitoramento;2019 - 01/04 a 30/06;https://drive.google.com/file/d/1TCiXd2dIH1TZr-vZsrVUpqCWZip2H9UQ/view;
TP_042/2017;Relatório de Monitoramento;8º Relatório de Monitoramento;2019 - 01/07 a 30/09;https://drive.google.com/file/d/1UU4kflyFrj1B3A5gFJG9NEq2fZTeQijX/view;
TP_042/2017;Relatório de Monitoramento;9º Relatório de Monitoramento;2019 - 01/10 a 31/12;https://drive.google.com/file/d/1--y75_YFPyHVy6q6bdNSVxIn8oO535cv/view;
TP_043/2017;Relatório Gerencial de Resultados;1º Relatório Gerencial de Resultados;2017 - 23/06 a 31/08;http://homologa3.prodemge.gov.br/vaek/wp-content/uploads/2018/11/1%C2%BA-Relat%C3%B3rio-Gerencial-de-Resultados-Termo-de-Parceria-n%C2%BA-43-6.429-kb-em-PDF.pdf;
TP_043/2017;Relatório Gerencial de Resultados;2º Relatório Gerencial de Resultados;2017 - 01/09 a 31/12;http://homologa3.prodemge.gov.br/vaek/wp-content/uploads/2018/11/2%C2%BA-Relat%C3%B3rio-Gerencial-de-Resultados-Termo-de-Parceria-n%C2%BA-43-843-MB-em-PDF.pdf;
TP_043/2017;Relatório Gerencial de Resultados;3º Relatório Gerencial de Resultados;2018 - 01/01 a 30/04;http://homologa3.prodemge.gov.br/vaek/wp-content/uploads/2018/11/3%C2%BA-Relat%C3%B3rio-Gerencial-de-Resultados-Termo-de-Parceria-n%C2%BA-43-95-MB-em-PDF.pdf;
TP_043/2017;Relatório Gerencial de Resultados;4º Relatório Gerencial de Resultados;2018 - 01/05 a 31/08;http://homologa3.prodemge.gov.br/vaek/wp-content/uploads/2018/11/4%C2%BA-Relat%C3%B3rio-Gerencial-de-Resultados-Termo-de-Parceria-n%C2%BA-43-102-MB-em-PDF.pdf;
TP_043/2017;Relatório Gerencial de Resultados;5º Relatório Gerencial de Resultados;2018 - 01/09 a 31/12;https://drive.google.com/file/d/12NVDxIeUQwsPrPx3VaeUpYkWREypM6jS/view;
TP_043/2017;Relatório Gerencial de Resultados;6º Relatório Gerencial de Resultados;2019 - 01/01 a 31/03;https://drive.google.com/file/d/19vaUUDUbf5p4D4DX5r5Hq4SzZK4ZhPyh/view;
TP_043/2017;Relatório Gerencial de Resultados;7º Relatório Gerencial de Resultados;2019 - 01/04 a 30/06;https://drive.google.com/open?id=1flR1irtB-90sjMZOs4ba76ZcVEgDT634;URL com erro
TP_043/2017;Relatório Gerencial de Resultados;8º Relatório Gerencial de Resultados;2019 - 01/07 a 30/09;https://drive.google.com/file/d/1w6lYmo25K5337LMEdBP_nfY5mmrjHwrB/view;
TP_043/2017;Relatório Gerencial de Resultados;9º Relatório Gerencial de Resultados;2019 - 01/10 a 31/12;https://drive.google.com/file/d/1ILE_UYyWljPjYU8gKifRPwkpBg21r9K1/view;
TP_043/2017;Relatório Financeiro;1º Relatório Financeiro;2017 - 23/06 a 31/08;http://homologa3.prodemge.gov.br/vaek/wp-content/uploads/2018/11/1%C2%BA-Relat%C3%B3rio-Gerencial-Financeiro-Termo-de-Parceira-n%C2%BA-43-5.892-kb-em-PDF.pdf;
TP_043/2017;Relatório Financeiro;2º Relatório Financeiro;2017 - 01/09 a 31/12;http://homologa3.prodemge.gov.br/vaek/wp-content/uploads/2018/11/2%C2%BA-Relat%C3%B3rio-Gerencial-Financeiro-Termo-de-Parceria-n%C2%BA-43-10-MB-em-PDF.pdf;
TP_043/2017;Relatório Financeiro;3º Relatório Financeiro;2018 - 01/01 a 30/04;http://homologa3.prodemge.gov.br/vaek/wp-content/uploads/2018/11/3%C2%BA-Relat%C3%B3rio-Gerencial-Financeiro-Termo-de-Parceria-n%C2%BA-43-12-MB-em-PDF.pdf;
TP_043/2017;Relatório Financeiro;4º Relatório Financeiro;2018 - 01/05 a 31/08;http://homologa3.prodemge.gov.br/vaek/wp-content/uploads/2018/11/4%C2%BA-Relat%C3%B3rio-Gerencial-Financeiro-Termo-de-Parceria-n%C2%BA-43-114-MB-em-PDF.pdf;
TP_043/2017;Relatório Financeiro;5º Relatório Financeiro;2018 - 01/09 a 31/12;https://drive.google.com/file/d/10681qj1ev4K7LiYGlIcEsvd8kzCfAYWy/view;
TP_043/2017;Relatório Financeiro;6º Relatório Financeiro;2019 - 01/01 a 31/03;;Não divulgado
TP_043/2017;Relatório Financeiro;7º Relatório Financeiro;2019 - 01/04 a 30/06;;Não divulgado
TP_043/2017;Relatório Financeiro;8º Relatório Financeiro;2019 - 01/07 a 30/09;;Não divulgado
TP_043/2017;Relatório Financeiro;9º Relatório Financeiro;2019 - 01/10 a 31/12;;Não divulgado
TP_043/2017;Relatório da Comissão de Avaliação;1º Relatório da Comissão de Avaliação;2017 - 23/06 a 31/08;http://homologa3.prodemge.gov.br/vaek/wp-content/uploads/2018/11/1%C2%BA-Relat%C3%B3rio-da-Comiss%C3%A3o-de-Avalia%C3%A7%C3%A3o-Termo-de-Parceira-n%C2%BA-43-29.995-kb-em-PDF.pdf;
TP_043/2017;Relatório da Comissão de Avaliação;2º Relatório da Comissão de Avaliação;2017 - 01/09 a 31/12;http://homologa3.prodemge.gov.br/vaek/wp-content/uploads/2018/11/2%C2%BA-Relat%C3%B3rio-da-Comiss%C3%A3o-de-Avalia%C3%A7%C3%A3o-Termo-de-Parceria-n%C2%BA-43-149-MB-em-PDF.pdf;
TP_043/2017;Relatório da Comissão de Avaliação;3º Relatório da Comissão de Avaliação;2018 - 01/01 a 30/04;http://homologa3.prodemge.gov.br/vaek/wp-content/uploads/2018/11/3%C2%BA-Relat%C3%B3rio-da-Comiss%C3%A3o-de-Avalia%C3%A7%C3%A3o-Termo-de-Parceria-n%C2%BA-43-95-MB-em-PDF.pdf;
TP_043/2017;Relatório da Comissão de Avaliação;4º Relatório da Comissão de Avaliação;2018 - 01/05 a 31/08;http://homologa3.prodemge.gov.br/vaek/wp-content/uploads/2018/11/4%C2%BA-Relat%C3%B3rio-da-Comiss%C3%A3o-de-Avalia%C3%A7%C3%A3o-Termo-de-Parceria-n%C2%BA-43-984-MB-em-PDF.pdf;
TP_043/2017;Relatório da Comissão de Avaliação;5º Relatório da Comissão de Avaliação;2018 - 01/09 a 31/12;https://drive.google.com/file/d/1Y4-t0NRa22-kIc_FKPZoJ_JCLL0SRYpG/view;
TP_043/2017;Relatório da Comissão de Avaliação;6º Relatório da Comissão de Avaliação;2019 - 01/01 a 31/03;https://drive.google.com/file/d/1Hlhkjb2u3ZSieAequ_KLosw6bLHk-Gte/view;
TP_043/2017;Relatório da Comissão de Avaliação;7º Relatório da Comissão de Avaliação;2019 - 01/04 a 30/06;;Não divulgado/documento divergente
TP_043/2017;Relatório da Comissão de Avaliação;8º Relatório da Comissão de Avaliação;2019 - 01/07 a 30/09;https://drive.google.com/file/d/1sqkyXq_uD2tkPp9BhOZkbit7hNz7zaGl/view;
TP_043/2017;Relatório da Comissão de Avaliação;9º Relatório da Comissão de Avaliação;2019 - 01/10 a 31/12;https://drive.google.com/file/d/1CEvlF2U_uA3qwRPhnV0VYD7m1HbPwZuy/view;
TP_043/2017;Relatório de Monitoramento;1º Relatório de Monitoramento;2017 - 23/06 a 31/08;;Não divulgado
TP_043/2017;Relatório de Monitoramento;2º Relatório de Monitoramento;2017 - 01/09 a 31/12;;Não divulgado
TP_043/2017;Relatório de Monitoramento;3º Relatório de Monitoramento;2018 - 01/01 a 30/04;;Não divulgado
TP_043/2017;Relatório de Monitoramento;4º Relatório de Monitoramento;2018 - 01/05 a 31/08;;Não divulgado
TP_043/2017;Relatório de Monitoramento;5º Relatório de Monitoramento;2018 - 01/09 a 31/12;;Não divulgado
TP_043/2017;Relatório de Monitoramento;6º Relatório de Monitoramento;2019 - 01/01 a 31/03;https://drive.google.com/open?id=1t3aBLQ-6MUUJDX4GJ-6FJQc53LlIUCXo;URL com erro
TP_043/2017;Relatório de Monitoramento;7º Relatório de Monitoramento;2019 - 01/04 a 30/06;https://drive.google.com/open?id=1eE63crOELRon0fMYyIQhPzwmaiBIOgm0;URL com erro
TP_043/2017;Relatório de Monitoramento;8º Relatório de Monitoramento;2019 - 01/07 a 30/09;https://drive.google.com/file/d/1SAuu5qnuGcczcF3gVUwhPX6-znFlT_dp/view;
TP_043/2017;Relatório de Monitoramento;9º Relatório de Monitoramento;2019 - 01/10 a 31/12;https://drive.google.com/file/d/1Yifua-GozL2G6ZCsJeDLqGr6RJjePloz/view;
TP_045/2017;Relatório Gerencial de Resultados;1º Relatório Gerencial de Resultados;2018 - 19/06 a 31/08;http://iepha.mg.gov.br/images/Termo_de_Parceria/1_periodo_ava/Relat%C3%B3rio_Gerencial_de_Resultados.pdf;
TP_045/2017;Relatório Gerencial de Resultados;2º Relatório Gerencial de Resultados;2018 - 01/09 a 30/11;http://iepha.mg.gov.br/images/Termo_de_Parceria/APPA_-_2%C2%BA_Relat%C3%B3rio_Gerencial_de_Resultados.pdf;
TP_045/2017;Relatório Gerencial de Resultados;3º Relatório Gerencial de Resultados;2018/2019 - 01/12 a 28/02;http://iepha.mg.gov.br/images/Termo_de_Parceria/Relat%C3%B3rio_de_Resultados_APPA_3%C2%BA_per%C3%ADodo_avaliat%C3%B3rio.pdf;
TP_045/2017;Relatório Gerencial de Resultados;4º Relatório Gerencial de Resultados;2019 - 01/03 a 31/05;;Não divulgado
TP_045/2017;Relatório Gerencial de Resultados;5º Relatório Gerencial de Resultados;2019 - 01/06 a 31/08;http://iepha.mg.gov.br/images/Termo_de_Parceria/Relat%C3%B3rio_de_Resultados_APPA_3%C2%BA_per%C3%ADodo_avaliat%C3%B3rio.pdf;
TP_045/2017;Relatório Gerencial de Resultados;6º Relatório Gerencial de Resultados;2019 - 01/09 a 30/11;http://iepha.mg.gov.br/images/Termo_de_Parceria/6_periodo_ava/6%C2%BA_Relat%C3%B3rio_de_Resultados_-_assinado.pdf;
TP_045/2017;Relatório Gerencial de Resultados;7º Relatório Gerencial de Resultados;2019 - 01/12 a 31/12;http://iepha.mg.gov.br/images/7%C2%BA_Relat%C3%B3rio_de_Resultados.pdf;
TP_045/2017;Relatório Gerencial Financeiro;1º Relatório Gerencial Financeiro;2018 - 19/06 a 31/08;http://iepha.mg.gov.br/images/Termo_de_Parceria/1_periodo_ava/Relat%C3%B3rio_Gerencial_Financeiro.pdf;
TP_045/2017;Relatório Gerencial Financeiro;2º Relatório Gerencial Financeiro;2018 - 01/09 a 30/11;http://iepha.mg.gov.br/images/Termo_de_Parceria/APPA_-_2%C2%BA_relat%C3%B3rio_Gerencial_Financeiro.pdf;
TP_045/2017;Relatório Gerencial Financeiro;3º Relatório Gerencial Financeiro;2018/2019 - 01/12 a 28/02;;Não divulgado
TP_045/2017;Relatório Gerencial Financeiro;4º Relatório Gerencial Financeiro;2019 - 01/03 a 31/05;;Não divulgado
TP_045/2017;Relatório Gerencial Financeiro;5º Relatório Gerencial Financeiro;2019 - 01/06 a 31/08;;Não divulgado
TP_045/2017;Relatório Gerencial Financeiro;6º Relatório Gerencial Financeiro;2019 - 01/09 a 30/11;;Não divulgado
TP_045/2017;Relatório Gerencial Financeiro;7º Relatório Gerencial Financeiro;2019 - 01/12 a 31/12;;Não divulgado
TP_045/2017;Relatório da Comissão de Avaliação;1º Relatório da Comissão de Avaliação;2018 - 19/06 a 31/08;http://iepha.mg.gov.br/images/Termo_de_Parceria/1_periodo_ava/Relat%C3%B3rio_da_Comiss%C3%A3o_de_Avalia%C3%A7%C3%A3o.pdf;
TP_045/2017;Relatório da Comissão de Avaliação;2º Relatório da Comissão de Avaliação;2018 - 01/09 a 30/11;http://iepha.mg.gov.br/images/Termo_de_Parceria/Relat%C3%B3rio_da_Comiss%C3%A3o_de_Avalia%C3%A7%C3%A3o_21_12.pdf;
TP_045/2017;Relatório da Comissão de Avaliação;3º Relatório da Comissão de Avaliação;2018/2019 - 01/12 a 28/02;http://iepha.mg.gov.br/images/Termo_de_Parceria/3%C2%BA_Relat%C3%B3rio_de_Avalia%C3%A7%C3%A3o.pdf;
TP_045/2017;Relatório da Comissão de Avaliação;4º Relatório da Comissão de Avaliação;2019 - 01/03 a 31/05;http://iepha.mg.gov.br/images/Termo_de_Parceria/Relat%C3%B3rio_Comiss%C3%A3o_de_Avalia%C3%A7%C3%A3o_-_4%C2%BA_Per%C3%ADodo_Avaliat%C3%B3rio.pdf;
TP_045/2017;Relatório da Comissão de Avaliação;5º Relatório da Comissão de Avaliação;2019 - 01/06 a 31/08;http://iepha.mg.gov.br/images/Termo_de_Parceria/5_periodo_aval/5%C2%BA_Relat%C3%B3rio_de_Avalia%C3%A7%C3%A3o_TP_N45-2017.pdf;
TP_045/2017;Relatório da Comissão de Avaliação;6º Relatório da Comissão de Avaliação;2019 - 01/09 a 30/11;http://iepha.mg.gov.br/images/Termo_de_Parceria/6_periodo_ava/6%C2%BA_Relat%C3%B3rio_de_Comiss%C3%A3o_de_Avalia%C3%A7%C3%A3o.pdf;
TP_045/2017;Relatório da Comissão de Avaliação;7º Relatório da Comissão de Avaliação;2019 - 01/12 a 31/12;http://iepha.mg.gov.br/images/7%C2%BA_Relat%C3%B3rio_de_Comiss%C3%A3o_de_Avalia%C3%A7%C3%A3o.pdf;
TP_045/2017;Relatório de Monitoramento;1º Relatório de Monitoramento;2018 - 19/06 a 31/08;;Não divulgado
TP_045/2017;Relatório de Monitoramento;2º Relatório de Monitoramento;2018 - 01/09 a 30/11;;Não divulgado
TP_045/2017;Relatório de Monitoramento;3º Relatório de Monitoramento;2018/2019 - 01/12 a 28/02;;Não divulgado
TP_045/2017;Relatório de Monitoramento;4º Relatório de Monitoramento;2019 - 01/03 a 31/05;http://iepha.mg.gov.br/images/Termo_de_Parceria/Relat%C3%B3rio_de_Monitoramento_4_Per%C3%ADodo_Avaliat%C3%B3rio.pdf;
TP_045/2017;Relatório de Monitoramento;5º Relatório de Monitoramento;2019 - 01/06 a 31/08;http://iepha.mg.gov.br/images/Termo_de_Parceria/5_periodo_aval/5%C2%BA_Relat%C3%B3rio_de_Monitoramento_TP_APPA_IEPHA_Final.pdf;
TP_045/2017;Relatório de Monitoramento;6º Relatório de Monitoramento;2019 - 01/09 a 30/11;http://iepha.mg.gov.br/images/Termo_de_Parceria/6_periodo_ava/6%C2%BA_Relat%C3%B3rio_de_Monitoramento_IEPHA-MG.pdf;
TP_045/2017;Relatório de Monitoramento;7º Relatório de Monitoramento;2019 - 01/12 a 31/12;http://iepha.mg.gov.br/images/Relat%C3%B3rio_de_Monitoramento_7%C2%BA_Per%C3%ADodo.pdf;
TP_045/2017;Relatório Gerencial de Resultados;Avaliação Extraordinária;2018 - 01/01 a 18/06;http://iepha.mg.gov.br/images/Termo_de_Parceria/Relat%C3%B3rio_Gerencial_de_Resultados_Avalia%C3%A7%C3%A3o_Extraordin%C3%A1ria.pdf;
TP_045/2017;Relatório Gerencial Financeiro;Avaliação Extraordinária;2018 - 01/01 a 18/06;http://iepha.mg.gov.br/images/Termo_de_Parceria/Relat%C3%B3rio_Financiero_Avalia%C3%A7%C3%A3o_Extraordin%C3%A1ria.pdf;
TP_045/2017;Relatório da Comissão de Avaliação;Avaliação Extraordinária;2018 - 01/01 a 18/06;http://iepha.mg.gov.br/images/Termo_de_Parceria/Relatorio_Extaordinario_CA.pdf;
TP_046/2018;Relatório Gerencial Financeiro;1º Relatório Gerencial Financeiro;2018 - 10/02 a 31/05;http://esportes.social.mg.gov.br/images/documentos/editais_termos_de_parceria/1-relatorio_gerencial_financeiro.pdf;
TP_046/2018;Relatório Gerencial Financeiro;2º Relatório Gerencial Financeiro;2018 - 01/06 a 31/08;http://esportes.social.mg.gov.br/images/documentos/bolsa_atleta/2%C2%BA_Relat%C3%B3rio_Gerencial_Financeiro_Gerencial_SITE.pdf;
TP_046/2018;Relatório Gerencial Financeiro;3º Relatório Gerencial Financeiro;2018 - 01/09 a 31/12;http://esportes.social.mg.gov.br/images/documentos/editais_termos_de_parceria/2019/3%20Relat%C3%B3rio%20Financeiro%20Retificado.pdf;
TP_046/2018;Relatório Gerencial Financeiro;4º Relatório Gerencial Financeiro;2019 - 01/01 a 31/03;http://esportes.social.mg.gov.br/images/documentos/editais_termos_de_parceria/2019/4-relatorio-gerencial-financeiro.pdf;
TP_046/2018;Relatório Gerencial Financeiro;5º Relatório Gerencial Financeiro;2019 - 01/04 a 30/06;http://esportes.social.mg.gov.br/images/documentos/editais_termos_de_parceria/2019/5-relatorio-gerencial-financeiro.pdf;
TP_046/2018;Relatório Gerencial Financeiro;6º Relatório Gerencial Financeiro;2019 - 01/07 a 30/09;http://esportes.social.mg.gov.br/images/documentos/Doc_Novos_2019/6%20Relatrio%20Financeiro.pdf;
TP_046/2018;Relatório Gerencial de Resultados;1º Relatório Gerencial de Resultados;2018 - 10/02 a 31/05;https://drive.google.com/file/d/1B3Ae03Ejs6EgWzC_f0A8Wgor3ylkfJzT/view;
TP_046/2018;Relatório Gerencial de Resultados;2º Relatório Gerencial de Resultados;2018 - 01/06 a 31/08;http://esportes.social.mg.gov.br/images/documentos/editais_termos_de_parceria/2%20Relatrio%20Gerencial%20de%20Resultados.pdf;
TP_046/2018;Relatório Gerencial de Resultados;3º Relatório Gerencial de Resultados;2018 - 01/09 a 31/12;http://esportes.social.mg.gov.br/images/documentos/editais_termos_de_parceria/2019/3%20Relatorio%20de%20Resultados.pdf;
TP_046/2018;Relatório Gerencial de Resultados;4º Relatório Gerencial de Resultados;2019 - 01/01 a 31/03;http://esportes.social.mg.gov.br/images/documentos/editais_termos_de_parceria/2019/4-relatorio-gerencial-resultados.pdf;
TP_046/2018;Relatório Gerencial de Resultados;5º Relatório Gerencial de Resultados;2019 - 01/04 a 30/06;http://esportes.social.mg.gov.br/images/documentos/editais_termos_de_parceria/2019/5-relatorio-gerencial-resultados.pdf;
TP_046/2018;Relatório Gerencial de Resultados;6º Relatório Gerencial de Resultados;2019 - 01/07 a 30/09;http://esportes.social.mg.gov.br/images/documentos/Doc_Novos_2019/6%20Relatrio%20de%20Resultados%201%200.pdf;
TP_046/2018;Relatório da Comissão de Avaliação;1º Relatório da Comissão de Avaliação;2018 - 10/02 a 31/05;http://esportes.social.mg.gov.br/images/documentos/editais_termos_de_parceria/1comissao_avaliacao.compressed.pdf;
TP_046/2018;Relatório da Comissão de Avaliação;2º Relatório da Comissão de Avaliação;2018 - 01/06 a 31/08;http://esportes.social.mg.gov.br/images/documentos/bolsa_atleta/2%C2%BA_Relat%C3%B3rio_da_Comiss%C3%A3o_de_Avalia%C3%A7%C3%A3o_do_Termo_de_Parceria_2%C2%BA_per%C3%ADodo_avaliat%C3%B3rio.pdf;
TP_046/2018;Relatório da Comissão de Avaliação;3º Relatório da Comissão de Avaliação;2018 - 01/09 a 31/12;http://esportes.social.mg.gov.br/images/documentos/editais_termos_de_parceria/2019/3%20Relatorio%20Comissao%20de%20Avaliacao.pdf;
TP_046/2018;Relatório da Comissão de Avaliação;4º Relatório da Comissão de Avaliação;2019 - 01/01 a 31/03;http://esportes.social.mg.gov.br/images/documentos/editais_termos_de_parceria/2019/4-relatorio-comissao-avaliacaoTP_46-2019.pdf;
TP_046/2018;Relatório da Comissão de Avaliação;5º Relatório da Comissão de Avaliação;2019 - 01/04 a 30/06;http://esportes.social.mg.gov.br/images/documentos/editais_termos_de_parceria/2019/5-relatorio-comissao-avaliacao.pdf;
TP_046/2018;Relatório da Comissão de Avaliação;6º Relatório da Comissão de Avaliação;2019 - 01/07 a 30/09;http://esportes.social.mg.gov.br/images/documentos/Doc_Novos_2019/6%20Relatrio%20Comisso%20de%20Avaliao.pdf;
TP_046/2018;Relatório de Monitoramento;1º Relatório de Monitoramento;2019 - 01/01 a 31/03;http://esportes.social.mg.gov.br/images/documentos/editais_termos_de_parceria/2019/relatorio-monitoramento-4-periodo-avaliatorio.pdf;
TP_046/2018;Relatório de Monitoramento;2º Relatório de Monitoramento;2019 - 01/04 a 30/06;http://esportes.social.mg.gov.br/images/documentos/editais_termos_de_parceria/2019/relatorio-monitoramento-5-periodo-avaliatorio.pdf;
TP_046/2018;Relatório de Monitoramento;3º Relatório de Monitoramento;2019 - 01/07 a 30/09;http://esportes.social.mg.gov.br/images/documentos/Doc_Novos_2019/6%20Relatrio%20de%20Monitoramento.pdf;
TP_048/2018;Relatório Gerencial de Resultados;1º Relatório Gerencial de Resultados;2018 - 03/05 a 31/07;http://www.feam.br/images/stories/2019/MINAS_SEM_LIXOES/termo_parceria-48-18/Relat%C3%B3rio_Gerencial_de_Resultados.pdf;
TP_048/2018;Relatório Gerencial de Resultados;2º Relatório Gerencial de Resultados;2018 - 01/08 a 31/10;http://www.feam.br/images/stories/2019/MINAS_SEM_LIXOES/termo_parceria-48-18/2%C2%BA_Relat%C3%B3rio_Gerencial_de_Resultados.pdf;
TP_048/2018;Relatório Gerencial de Resultados;3º Relatório Gerencial de Resultados;2018/2019 - 01/11 a 31/01;http://www.feam.br/images/stories/2019/MINAS_SEM_LIXOES/termo_parceria-48-18/3%C2%BA_Relat%C3%B3rio_Gerencial_de_Resultados.pdf;
TP_048/2018;Relatório Gerencial de Resultados;4º Relatório Gerencial de Resultados;2019 - 01/02 a 31/03;http://www.feam.br/images/stories/2019/MINAS_SEM_LIXOES/termo_parceria-48-18/Relat%C3%B3rio_de_Resultados_4PA_15042019.pdf;
TP_048/2018;Relatório Gerencial de Resultados;5º Relatório Gerencial de Resultados;2019 - 01/04 a 30/06;http://www.feam.br/images/stories/2019/MINAS_SEM_LIXOES/termo_parceria-48-18/5_Relatorio_de_Resultados.pdf;
TP_048/2018;Relatório Gerencial de Resultados;6º Relatório Gerencial de Resultados;2019 - 01/07 a 30/09;http://www.feam.br/images/stories/2019/MINAS_SEM_LIXOES/termo_parceria-48-18/6%C2%BA_Relatorio_de_Resultados.pdf;
TP_048/2018;Relatório Gerencial de Resultados;7º Relatório Gerencial de Resultados;2019 - 01/10 a 31/12;http://www.feam.br/images/stories/2020/MINAS_SEM_LIXOES/TERMO_48-2018/OfA__cio_009__2020_Gesois_20_01_e_RT_pdf.pdf;
TP_048/2018;Relatório Gerencial Financeiro;1º Relatório Gerencial Financeiro;2018 - 03/05 a 31/07;http://www.feam.br/images/stories/2019/MINAS_SEM_LIXOES/termo_parceria-48-18/1%C2%AA_Retifica%C3%A7%C3%A3o_ao_1%C2%BA_Relat%C3%B3rio_Gerencial_Financeiro.pdf;
TP_048/2018;Relatório Gerencial Financeiro;2º Relatório Gerencial Financeiro;2018 - 01/08 a 31/10;;Não divulgado/documento divergente
TP_048/2018;Relatório Gerencial Financeiro;3º Relatório Gerencial Financeiro;2018/2019 - 01/11 a 31/01;;Não divulgado/documento divergente
TP_048/2018;Relatório Gerencial Financeiro;4º Relatório Gerencial Financeiro;2019 - 01/02 a 31/03;;Não divulgado
TP_048/2018;Relatório Gerencial Financeiro;5º Relatório Gerencial Financeiro;2019 - 01/04 a 30/06;;Não divulgado
TP_048/2018;Relatório Gerencial Financeiro;6º Relatório Gerencial Financeiro;2019 - 01/07 a 30/09;;Não divulgado
TP_048/2018;Relatório Gerencial Financeiro;7º Relatório Gerencial Financeiro;2019 - 01/10 a 31/12;;Não divulgado
TP_048/2018;Relatório da Comissão de Avaliação;1º Relatório da Comissão de Avaliação;2018 - 03/05 a 31/07;http://www.feam.br/images/stories/2019/MINAS_SEM_LIXOES/termo_parceria-48-18/Relat%C3%B3rio_da_Comiss%C3%A3o_de_Avalia%C3%A7%C3%A3o_28-08.pdf;Não divulgado
TP_048/2018;Relatório da Comissão de Avaliação;2º Relatório da Comissão de Avaliação;2018 - 01/08 a 31/10;http://www.feam.br/images/stories/2019/MINAS_SEM_LIXOES/termo_parceria-48-18/2_Relat%C3%B3rio_da_Comiss%C3%A3o_de_Avalia%C3%A7%C3%A3o_1.pdf;
TP_048/2018;Relatório da Comissão de Avaliação;3º Relatório da Comissão de Avaliação;2018/2019 - 01/11 a 31/01;http://www.feam.br/images/stories/2019/MINAS_SEM_LIXOES/termo_parceria-48-18/3%C2%BA_Relatorio_da_Comissao_Avaliacao.pdf;
TP_048/2018;Relatório da Comissão de Avaliação;4º Relatório da Comissão de Avaliação;2019 - 01/02 a 31/03;http://www.feam.br/images/stories/2019/MINAS_SEM_LIXOES/termo_parceria-48-18/4%C2%BA_Relatorio_da_Comissao_de_Avaliacao_assinado.pdf;
TP_048/2018;Relatório da Comissão de Avaliação;5º Relatório da Comissão de Avaliação;2019 - 01/04 a 30/06;http://www.feam.br/images/stories/2019/MINAS_SEM_LIXOES/termo_parceria-48-18/5%C2%BA_Relat%C3%B3rio_da_Comissao_de_Avaliacao.pdf;
TP_048/2018;Relatório da Comissão de Avaliação;6º Relatório da Comissão de Avaliação;2019 - 01/07 a 30/09;http://www.feam.br/images/stories/2019/MINAS_SEM_LIXOES/termo_parceria-48-18/6%C2%BA_Relatorio_da_Comiss%C3%A3o_de_Avalia%C3%A7%C3%A3o.pdf;
TP_048/2018;Relatório da Comissão de Avaliação;7º Relatório da Comissão de Avaliação;2019 - 01/10 a 31/12;http://www.feam.br/images/stories/2020/MINAS_SEM_LIXOES/TERMO_48-2018/Relatorio_da_comissao_de_avaliacao_7PA_Final.pdf;
TP_048/2018;Relatório de Monitoramento;1º Relatório de Monitoramento;2018/2019 - 01/11 a 31/01;http://www.feam.br/images/stories/2019/MINAS_SEM_LIXOES/termo_parceria-48-18/1%C2%BA_Relatorio_Monitoramento_per%C3%ADodo_01-11-18_a_31-01-19.pdf;
TP_048/2018;Relatório de Monitoramento;2º Relatório de Monitoramento;2019 - 01/02 a 31/03;http://www.feam.br/images/stories/2019/MINAS_SEM_LIXOES/termo_parceria-48-18/2%C2%BA_Relat%C3%B3rio_de_Monitoramento_4o_Per%C3%ADodo_Avaliat%C3%B3rio_FEAM.pdf;
TP_048/2018;Relatório de Monitoramento;3º Relatório de Monitoramento;2019 - 01/04 a 30/06;http://www.feam.br/images/stories/2019/MINAS_SEM_LIXOES/3_Relat%C3%B3rio_de_Monitoramento_5%C2%BA_PA_FINAL_assinado.pdf;
TP_048/2018;Relatório de Monitoramento;4º Relatório de Monitoramento;2019 - 01/07 a 30/09;http://www.feam.br/images/stories/2019/MINAS_SEM_LIXOES/termo_parceria-48-18/4%C2%BA_Relorio_de_Monitoramento_assinado_6_PA.pdf;
TP_048/2018;Relatório de Monitoramento;5º Relatório de Monitoramento;2019 - 01/10 a 31/12;http://www.feam.br/images/stories/2020/MINAS_SEM_LIXOES/TERMO_48-2018/5%C2%BA_Relat%C3%B3rio_de_Monitoramento_7PA.pdf;
TP_049/2020;Relatório de Resultados;1º Relatório de Resultados;2020 - 07/03 a 31/03;http://social.mg.gov.br/images/Esportes/JEMG/2020/1__Relatorio_de_Resultados.pdf;
TP_049/2020;Relatório de Resultados;2º Relatório de Resultados;2020 - 01/04 a 30/06;http://social.mg.gov.br/images/Esportes/JEMG/2020/2-Relatrio-de-Resultados.pdf;
TP_049/2020;Relatório de Resultados;3º Relatório de Resultados;2020 - 01/07 a 30/09;http://social.mg.gov.br/images/Esportes/JEMG/2020/3-Relatrio-de-Resultados.docx.pdf;
TP_049/2020;Relatório de Resultados;4º Relatório de Resultados;2020 - 01/10 a 31/12;http://social.mg.gov.br/images/termos-de-parceria/2021/RELATRIO-DE-RESULTADOS-4-PERODO-AVALIATRIO.pdf;
TP_049/2020;Relatório de Resultados;5º Relatório de Resultados;2021 - 01/01 a 31/03;http://social.mg.gov.br/images/Esportes/JEMG/2021/5-Relatrio-de-Resultados-do-TP-49.2020.pdf;
TP_049/2020;Relatório Financeiro;1º Relatório Gerencial Financeiro;2020 - 07/03 a 31/03;http://social.mg.gov.br/images/Esportes/JEMG/2020/1__Relatorio_Financeiro.pdf;
TP_049/2020;Relatório Financeiro;2º Relatório Gerencial Financeiro;2020 - 01/04 a 30/06;http://social.mg.gov.br/images/Esportes/JEMG/2020/Relatrio-financeiro-2-Perodo-Avaliatrio.pdf;
TP_049/2020;Relatório Financeiro;3º Relatório Gerencial Financeiro;2020 - 01/07 a 30/09;http://social.mg.gov.br/images/Esportes/JEMG/2020/3-Relatorio-Financeiro.pdf;
TP_049/2020;Relatório Financeiro;4º Relatório Gerencial Financeiro;2020 - 01/10 a 31/12;http://social.mg.gov.br/images/Esportes/JEMG/4%C2%BA_Relat%C3%B3rio_Financeiro_4%C2%BA_Per%C3%ADodo_Avaliat%C3%B3rio_2.pdf;
TP_049/2020;Relatório de Monitoramento;1º Relatório de Monitoramento;2020 - 07/03 a 31/03;http://social.mg.gov.br/images/Esportes/JEMG/2020/SEI_GOVMG---21850451---Relatrio-1-Perodo-Avaliatrio.pdf;
TP_049/2020;Relatório de Monitoramento;2º Relatório de Monitoramento;2020 - 01/04 a 30/06;http://social.mg.gov.br/images/Esportes/JEMG/2020/SEI_GOVMG---21854121---Relatrio-2-Perodo-Avaliatrio.pdf;
TP_049/2020;Relatório de Monitoramento;3º Relatório de Monitoramento;2020 - 01/07 a 30/09;http://social.mg.gov.br/images/Esportes/JEMG/2020/SEI_GOVMG---21857277---Relatrio-3-Perodo-Avaliatrio.pdf;
TP_049/2020;Relatório de Monitoramento;4º Relatório de Monitoramento;2020 - 01/10 a 31/12;;
TP_049/2020;Relatório de Monitoramento;5º Relatório de Monitoramento;2021 - 01/01 a 31/03;http://social.mg.gov.br/images/Esportes/JEMG/2021/5-Relatrio-de-Monitoramento-do-TP-49.2020.pdf;
TP_049/2020;Relatório da Comissão de Avaliação;1º Relatório da Comissão de Avaliação;2020 - 07/03 a 31/03;http://social.mg.gov.br/images/termos-de-parceria/2021/RELATRIO-COMISSO-DE-AVALIAO-1-PERODO-AVALIATRIO.pdf;
TP_049/2020;Relatório da Comissão de Avaliação;2º Relatório da Comissão de Avaliação;2020 - 01/04 a 30/06;http://social.mg.gov.br/images/termos-de-parceria/2021/RELATRIO-COMISSO-DE-AVALIAO-2-PERODO-AVALIATRIO.pdf;
TP_049/2020;Relatório da Comissão de Avaliação;3º Relatório da Comissão de Avaliação;2020 - 01/07 a 30/09;http://social.mg.gov.br/images/termos-de-parceria/2021/RELATRIO-COMISSO-DE-AVALIAO-3-PERODO-AVALIATRIO.pdf;
TP_049/2020;Relatório da Comissão de Avaliação;4º Relatório da Comissão de Avaliação;2020 - 01/10 a 31/12;http://social.mg.gov.br/images/termos-de-parceria/2021/RELATRIO-COMISSO-DE-AVALIAO-4-PERODO-AVALIATRIO.pdf;
TP_049/2020;Relatório da Comissão de Avaliação;5º Relatório da Comissão de Avaliação;2021 - 01/01 a 31/03;http://social.mg.gov.br/images/Esportes/JEMG/2021/5-Relatrio-de-Avaliao-do-TP-49.2020.pdf;
TP_050/2020;Relatório da Comissão de Avaliação;1º Relatório da Comissão de Avaliação;2020 - 15/08 a 31/10;http://iepha.mg.gov.br/images/Termo_de_Parceria/Termo_Parceria_50_2020/SEI_GOVMG_-_23385206_-_Relat%C3%B3rio_Comiss%C3%A3o_de_Avalia%C3%A7%C3%A3o_1%C2%BA_PA.pdf;
TP_050/2020;Relatório da Comissão de Avaliação;2º Relatório da Comissão de Avaliação;2020 - 01/11 a 31/12;http://iepha.mg.gov.br/images/Termo_de_Parceria/Termo_Parceria_50_2020/SEI_GOVMG_-_25399728_-_Relat%C3%B3rio_Comiss%C3%A3o_de_Avalia%C3%A7%C3%A3o.pdf;
TP_050/2020;Relatório de Monitoramento;1º Relatório de Monitoramento;2020 - 15/08 a 31/10;http://iepha.mg.gov.br/images/Termo_de_Parceria/Termo_Parceria_50_2020/SEI_GOVMG_-_22985751_-_Relat%C3%B3rio_Monioramento_1_PA.pdf;
TP_050/2020;Relatório de Monitoramento;2º Relatório de Monitoramento;2020 - 01/11 a 31/12;http://iepha.mg.gov.br/images/Termo_de_Parceria/Termo_Parceria_50_2020/24767178_RelatorioMonitoram.pdf;
